{"x": 820, "y": 650, "z": 100, "aspect_x": 1.0, "aspect_y": 0.7926829268292683, "aspect_z": 0.12195121951219512}